Parameter,Value
MSE,0.7855626326963907
MAE,0.37791932059447986
R-SQUARED,0.5348706862038595
RMSE,0.8863197124606846
ACCURACY,74.3099787685775
