Parameter,Value
MSE,1.3769911504424779
MAE,0.6123893805309735
R-SQUARED,0.12820055135756914
RMSE,1.1734526622077595
ACCURACY,63.716814159292035
