Parameter,Value
MSE,1.4137931034482758
MAE,0.5915119363395226
R-SQUARED,0.15840460374766496
RMSE,1.18903032065977
ACCURACY,69.23076923076923
