Parameter,Value
MSE,0.44778761061946903
MAE,0.2424778761061947
R-SQUARED,0.716497094464608
RMSE,0.6691693437534845
ACCURACY,81.94690265486726
