Parameter,Value
MSE,0.8024691358024691
MAE,0.3880070546737213
R-SQUARED,0.29460293730880505
RMSE,0.8958064164776166
ACCURACY,81.04056437389771
